﻿Country Name,Country Code,Series Name,Series Code,2011 [YR2011],2014 [YR2014],2017 [YR2017]
Afghanistan,AFG,Account ownership at a financial institution or with a mobile-money-service provider (% of population ages 15+),FX.OWN.TOTL.ZS,9.00501251220703,9.96100044250488,14.8933124542236
Afghanistan,AFG,Mobile cellular subscriptions,IT.CEL.SETS,13797900,18407200,23929700
Albania,ALB,Account ownership at a financial institution or with a mobile-money-service provider (% of population ages 15+),FX.OWN.TOTL.ZS,28.2681255340576,37.9863548278809,40.0151710510254
Albania,ALB,Mobile cellular subscriptions,IT.CEL.SETS,3100000,3359650,3625700
Algeria,DZA,Account ownership at a financial institution or with a mobile-money-service provider (% of population ages 15+),FX.OWN.TOTL.ZS,33.2861137390137,50.4757881164551,42.7766265869141
Algeria,DZA,Mobile cellular subscriptions,IT.CEL.SETS,35615900,43298200,45845700
American Samoa,ASM,Account ownership at a financial institution or with a mobile-money-service provider (% of population ages 15+),FX.OWN.TOTL.ZS,..,..,..
American Samoa,ASM,Mobile cellular subscriptions,IT.CEL.SETS,..,..,..
Andorra,AND,Account ownership at a financial institution or with a mobile-money-service provider (% of population ages 15+),FX.OWN.TOTL.ZS,..,..,..
Andorra,AND,Mobile cellular subscriptions,IT.CEL.SETS,65044,66241,80337
Angola,AGO,Account ownership at a financial institution or with a mobile-money-service provider (% of population ages 15+),FX.OWN.TOTL.ZS,39.203540802002,29.3181209564209,..
Angola,AGO,Mobile cellular subscriptions,IT.CEL.SETS,12073200,14052600,13324000
Antigua and Barbuda,ATG,Account ownership at a financial institution or with a mobile-money-service provider (% of population ages 15+),FX.OWN.TOTL.ZS,..,..,..
Antigua and Barbuda,ATG,Mobile cellular subscriptions,IT.CEL.SETS,176008,120041,184000
Argentina,ARG,Account ownership at a financial institution or with a mobile-money-service provider (% of population ages 15+),FX.OWN.TOTL.ZS,33.1302185058594,50.1972961425781,48.7084884643555
Argentina,ARG,Mobile cellular subscriptions,IT.CEL.SETS,60722700,61234200,61897400
Armenia,ARM,Account ownership at a financial institution or with a mobile-money-service provider (% of population ages 15+),FX.OWN.TOTL.ZS,17.486873626709,17.6690654754639,47.7590179443359
Armenia,ARM,Mobile cellular subscriptions,IT.CEL.SETS,3211220,3459140,3488520
Aruba,ABW,Account ownership at a financial institution or with a mobile-money-service provider (% of population ages 15+),FX.OWN.TOTL.ZS,..,..,..
Aruba,ABW,Mobile cellular subscriptions,IT.CEL.SETS,131800,139700,141000
Australia,AUS,Account ownership at a financial institution or with a mobile-money-service provider (% of population ages 15+),FX.OWN.TOTL.ZS,99.0648422241211,98.8595657348633,99.5193710327148
Australia,AUS,Mobile cellular subscriptions,IT.CEL.SETS,23789000,25060000,27463000
Austria,AUT,Account ownership at a financial institution or with a mobile-money-service provider (% of population ages 15+),FX.OWN.TOTL.ZS,97.0817413330078,96.7340621948242,98.1636657714844
Austria,AUT,Mobile cellular subscriptions,IT.CEL.SETS,13022600,12952600,10859000
Azerbaijan,AZE,Account ownership at a financial institution or with a mobile-money-service provider (% of population ages 15+),FX.OWN.TOTL.ZS,14.9008493423462,29.1514930725098,28.5712032318115
Azerbaijan,AZE,Mobile cellular subscriptions,IT.CEL.SETS,10120100,10552500,10127000
"Bahamas, The",BHS,Account ownership at a financial institution or with a mobile-money-service provider (% of population ages 15+),FX.OWN.TOTL.ZS,..,..,..
"Bahamas, The",BHS,Mobile cellular subscriptions,IT.CEL.SETS,298790,314842,353540
Bahrain,BHR,Account ownership at a financial institution or with a mobile-money-service provider (% of population ages 15+),FX.OWN.TOTL.ZS,64.5145721435547,81.9393463134766,82.6128463745117
Bahrain,BHR,Mobile cellular subscriptions,IT.CEL.SETS,1693650,2328990,2364480
Bangladesh,BGD,Account ownership at a financial institution or with a mobile-money-service provider (% of population ages 15+),FX.OWN.TOTL.ZS,31.7436485290527,30.9908180236816,50.0469131469727
Bangladesh,BGD,Mobile cellular subscriptions,IT.CEL.SETS,84368700,126866000,150945000
Barbados,BRB,Account ownership at a financial institution or with a mobile-money-service provider (% of population ages 15+),FX.OWN.TOTL.ZS,..,..,..
Barbados,BRB,Mobile cellular subscriptions,IT.CEL.SETS,347917,305456,329565
Belarus,BLR,Account ownership at a financial institution or with a mobile-money-service provider (% of population ages 15+),FX.OWN.TOTL.ZS,58.6019821166992,71.9849853515625,81.1558837890625
Belarus,BLR,Mobile cellular subscriptions,IT.CEL.SETS,10694900,11401900,11415100
Belgium,BEL,Account ownership at a financial institution or with a mobile-money-service provider (% of population ages 15+),FX.OWN.TOTL.ZS,96.3061294555664,98.1257553100586,98.6383209228516
Belgium,BEL,Mobile cellular subscriptions,IT.CEL.SETS,12495900,12734700,11961100
Belize,BLZ,Account ownership at a financial institution or with a mobile-money-service provider (% of population ages 15+),FX.OWN.TOTL.ZS,..,48.2092514038086,..
Belize,BLZ,Mobile cellular subscriptions,IT.CEL.SETS,222407,172300,239441
Benin,BEN,Account ownership at a financial institution or with a mobile-money-service provider (% of population ages 15+),FX.OWN.TOTL.ZS,10.4639377593994,16.6208343505859,38.4892234802246
Benin,BEN,Mobile cellular subscriptions,IT.CEL.SETS,7765210,8660430,8773040
Bermuda,BMU,Account ownership at a financial institution or with a mobile-money-service provider (% of population ages 15+),FX.OWN.TOTL.ZS,..,..,..
Bermuda,BMU,Mobile cellular subscriptions,IT.CEL.SETS,88200,59491,64997
Bhutan,BTN,Account ownership at a financial institution or with a mobile-money-service provider (% of population ages 15+),FX.OWN.TOTL.ZS,..,33.6659126281738,..
Bhutan,BTN,Mobile cellular subscriptions,IT.CEL.SETS,484189,624536,730623
Bolivia,BOL,Account ownership at a financial institution or with a mobile-money-service provider (% of population ages 15+),FX.OWN.TOTL.ZS,28.0291328430176,41.7967185974121,54.4050559997559
Bolivia,BOL,Mobile cellular subscriptions,IT.CEL.SETS,8353270,10450300,10963200
Bosnia and Herzegovina,BIH,Account ownership at a financial institution or with a mobile-money-service provider (% of population ages 15+),FX.OWN.TOTL.ZS,56.2116088867188,52.6850280761719,58.8434982299805
Bosnia and Herzegovina,BIH,Mobile cellular subscriptions,IT.CEL.SETS,3171280,3491190,3440090
Botswana,BWA,Account ownership at a financial institution or with a mobile-money-service provider (% of population ages 15+),FX.OWN.TOTL.ZS,30.2600135803223,51.9645690917969,51.0324554443359
Botswana,BWA,Mobile cellular subscriptions,IT.CEL.SETS,2900260,3410510,3240590
Brazil,BRA,Account ownership at a financial institution or with a mobile-money-service provider (% of population ages 15+),FX.OWN.TOTL.ZS,55.8603820800781,68.1231536865234,70.0439453125
Brazil,BRA,Mobile cellular subscriptions,IT.CEL.SETS,234358000,280729000,218255000
British Virgin Islands,VGB,Account ownership at a financial institution or with a mobile-money-service provider (% of population ages 15+),FX.OWN.TOTL.ZS,..,..,..
British Virgin Islands,VGB,Mobile cellular subscriptions,IT.CEL.SETS,46597,54764,60486
Brunei Darussalam,BRN,Account ownership at a financial institution or with a mobile-money-service provider (% of population ages 15+),FX.OWN.TOTL.ZS,..,..,..
Brunei Darussalam,BRN,Mobile cellular subscriptions,IT.CEL.SETS,443161,452054,544732
Bulgaria,BGR,Account ownership at a financial institution or with a mobile-money-service provider (% of population ages 15+),FX.OWN.TOTL.ZS,52.8249015808105,62.9868278503418,72.2040328979492
Bulgaria,BGR,Mobile cellular subscriptions,IT.CEL.SETS,10475100,9486930,8532910
Burkina Faso,BFA,Account ownership at a financial institution or with a mobile-money-service provider (% of population ages 15+),FX.OWN.TOTL.ZS,13.3530912399292,14.3575963973999,43.1599922180176
Burkina Faso,BFA,Mobile cellular subscriptions,IT.CEL.SETS,7682100,12494400,17946400
Burundi,BDI,Account ownership at a financial institution or with a mobile-money-service provider (% of population ages 15+),FX.OWN.TOTL.ZS,7.23798418045044,7.10575866699219,..
Burundi,BDI,Mobile cellular subscriptions,IT.CEL.SETS,1914590,3193260,5920610
Cabo Verde,CPV,Account ownership at a financial institution or with a mobile-money-service provider (% of population ages 15+),FX.OWN.TOTL.ZS,..,..,..
Cabo Verde,CPV,Mobile cellular subscriptions,IT.CEL.SETS,396429,613378,612259
Cambodia,KHM,Account ownership at a financial institution or with a mobile-money-service provider (% of population ages 15+),FX.OWN.TOTL.ZS,3.65971183776855,22.1652660369873,21.6717834472656
Cambodia,KHM,Mobile cellular subscriptions,IT.CEL.SETS,13757000,20452000,18573000
Cameroon,CMR,Account ownership at a financial institution or with a mobile-money-service provider (% of population ages 15+),FX.OWN.TOTL.ZS,14.8096132278442,12.177734375,34.5907897949219
Cameroon,CMR,Mobile cellular subscriptions,IT.CEL.SETS,10486600,17039100,20135400
Canada,CAN,Account ownership at a financial institution or with a mobile-money-service provider (% of population ages 15+),FX.OWN.TOTL.ZS,95.8046417236328,99.1033248901367,99.7268829345703
Canada,CAN,Mobile cellular subscriptions,IT.CEL.SETS,26840000,28789000,31693000
Cayman Islands,CYM,Account ownership at a financial institution or with a mobile-money-service provider (% of population ages 15+),FX.OWN.TOTL.ZS,..,..,..
Cayman Islands,CYM,Mobile cellular subscriptions,IT.CEL.SETS,96777,91059,96656
Central African Republic,CAF,Account ownership at a financial institution or with a mobile-money-service provider (% of population ages 15+),FX.OWN.TOTL.ZS,3.30080914497375,..,13.745945930481
Central African Republic,CAF,Mobile cellular subscriptions,IT.CEL.SETS,992444,1155620,1175390
Chad,TCD,Account ownership at a financial institution or with a mobile-money-service provider (% of population ages 15+),FX.OWN.TOTL.ZS,8.95974540710449,12.4333448410034,21.7591934204102
Chad,TCD,Mobile cellular subscriptions,IT.CEL.SETS,3665660,5251560,6368600
Channel Islands,CHI,Account ownership at a financial institution or with a mobile-money-service provider (% of population ages 15+),FX.OWN.TOTL.ZS,..,..,..
Channel Islands,CHI,Mobile cellular subscriptions,IT.CEL.SETS,..,..,..
Chile,CHL,Account ownership at a financial institution or with a mobile-money-service provider (% of population ages 15+),FX.OWN.TOTL.ZS,42.1792869567871,63.2588806152344,74.3492431640625
Chile,CHL,Mobile cellular subscriptions,IT.CEL.SETS,22315200,23680700,23013100
China,CHN,Account ownership at a financial institution or with a mobile-money-service provider (% of population ages 15+),FX.OWN.TOTL.ZS,63.817310333252,78.8526000976563,80.229118347168
China,CHN,Mobile cellular subscriptions,IT.CEL.SETS,986253000,1286090000,1469880000
Colombia,COL,Account ownership at a financial institution or with a mobile-money-service provider (% of population ages 15+),FX.OWN.TOTL.ZS,30.4278011322021,38.9990196228027,45.7592277526855
Colombia,COL,Mobile cellular subscriptions,IT.CEL.SETS,46200400,55330300,62220000
Comoros,COM,Account ownership at a financial institution or with a mobile-money-service provider (% of population ages 15+),FX.OWN.TOTL.ZS,21.694673538208,..,..
Comoros,COM,Mobile cellular subscriptions,IT.CEL.SETS,216438,383000,468914
"Congo, Dem. Rep.",COD,Account ownership at a financial institution or with a mobile-money-service provider (% of population ages 15+),FX.OWN.TOTL.ZS,3.69672632217407,17.4769840240479,25.8256759643555
"Congo, Dem. Rep.",COD,Mobile cellular subscriptions,IT.CEL.SETS,15644900,37103000,35375200
"Congo, Rep.",COG,Account ownership at a financial institution or with a mobile-money-service provider (% of population ages 15+),FX.OWN.TOTL.ZS,10.048056602478,17.0695972442627,26.0927505493164
"Congo, Rep.",COG,Mobile cellular subscriptions,IT.CEL.SETS,3884760,4930100,5056000
Costa Rica,CRI,Account ownership at a financial institution or with a mobile-money-service provider (% of population ages 15+),FX.OWN.TOTL.ZS,50.3587303161621,64.5530624389648,67.8383560180664
Costa Rica,CRI,Mobile cellular subscriptions,IT.CEL.SETS,4153070,7020410,8840340
Cote d'Ivoire,CIV,Account ownership at a financial institution or with a mobile-money-service provider (% of population ages 15+),FX.OWN.TOTL.ZS,..,34.322021484375,41.3309555053711
Cote d'Ivoire,CIV,Mobile cellular subscriptions,IT.CEL.SETS,17344200,22104600,31747200
Croatia,HRV,Account ownership at a financial institution or with a mobile-money-service provider (% of population ages 15+),FX.OWN.TOTL.ZS,88.3910217285156,86.0250930786133,86.1434555053711
Croatia,HRV,Mobile cellular subscriptions,IT.CEL.SETS,5115140,4461350,4315580
Cuba,CUB,Account ownership at a financial institution or with a mobile-money-service provider (% of population ages 15+),FX.OWN.TOTL.ZS,..,..,..
Cuba,CUB,Mobile cellular subscriptions,IT.CEL.SETS,1315140,2530750,4613780
Curacao,CUW,Account ownership at a financial institution or with a mobile-money-service provider (% of population ages 15+),FX.OWN.TOTL.ZS,..,..,..
Curacao,CUW,Mobile cellular subscriptions,IT.CEL.SETS,206294,192569,187184
Cyprus,CYP,Account ownership at a financial institution or with a mobile-money-service provider (% of population ages 15+),FX.OWN.TOTL.ZS,85.2376480102539,90.1501998901367,88.7157592773438
Cyprus,CYP,Mobile cellular subscriptions,IT.CEL.SETS,1090940,1110800,1176800
Czech Republic,CZE,Account ownership at a financial institution or with a mobile-money-service provider (% of population ages 15+),FX.OWN.TOTL.ZS,80.6511917114258,82.1782073974609,80.9922637939453
Czech Republic,CZE,Mobile cellular subscriptions,IT.CEL.SETS,13167700,13913100,12636400
Denmark,DNK,Account ownership at a financial institution or with a mobile-money-service provider (% of population ages 15+),FX.OWN.TOTL.ZS,99.7367935180664,100,99.9173736572266
Denmark,DNK,Mobile cellular subscriptions,IT.CEL.SETS,7173190,7160230,7132930
Djibouti,DJI,Account ownership at a financial institution or with a mobile-money-service provider (% of population ages 15+),FX.OWN.TOTL.ZS,12.2738819122314,..,..
Djibouti,DJI,Mobile cellular subscriptions,IT.CEL.SETS,193049,287049,373052
Dominica,DMA,Account ownership at a financial institution or with a mobile-money-service provider (% of population ages 15+),FX.OWN.TOTL.ZS,..,..,..
Dominica,DMA,Mobile cellular subscriptions,IT.CEL.SETS,108924,73886,75230
Dominican Republic,DOM,Account ownership at a financial institution or with a mobile-money-service provider (% of population ages 15+),FX.OWN.TOTL.ZS,38.2046699523926,54.0909881591797,56.2391929626465
Dominican Republic,DOM,Mobile cellular subscriptions,IT.CEL.SETS,8770780,8303540,8769130
Ecuador,ECU,Account ownership at a financial institution or with a mobile-money-service provider (% of population ages 15+),FX.OWN.TOTL.ZS,36.7355003356934,46.2124252319336,51.2460174560547
Ecuador,ECU,Mobile cellular subscriptions,IT.CEL.SETS,15332700,16605700,14651400
"Egypt, Arab Rep.",EGY,Account ownership at a financial institution or with a mobile-money-service provider (% of population ages 15+),FX.OWN.TOTL.ZS,9.71998023986816,14.1267967224121,32.7843589782715
"Egypt, Arab Rep.",EGY,Mobile cellular subscriptions,IT.CEL.SETS,83425100,95316000,102958000
El Salvador,SLV,Account ownership at a financial institution or with a mobile-money-service provider (% of population ages 15+),FX.OWN.TOTL.ZS,13.7646150588989,36.7197113037109,30.3529472351074
El Salvador,SLV,Mobile cellular subscriptions,IT.CEL.SETS,8316150,9193340,9478040
Equatorial Guinea,GNQ,Account ownership at a financial institution or with a mobile-money-service provider (% of population ages 15+),FX.OWN.TOTL.ZS,..,..,..
Equatorial Guinea,GNQ,Mobile cellular subscriptions,IT.CEL.SETS,478860,516540,566113
Eritrea,ERI,Account ownership at a financial institution or with a mobile-money-service provider (% of population ages 15+),FX.OWN.TOTL.ZS,..,..,..
Eritrea,ERI,Mobile cellular subscriptions,IT.CEL.SETS,241939,417400,695000
Estonia,EST,Account ownership at a financial institution or with a mobile-money-service provider (% of population ages 15+),FX.OWN.TOTL.ZS,96.8242797851563,97.6716690063477,97.9939727783203
Estonia,EST,Mobile cellular subscriptions,IT.CEL.SETS,1806080,1897550,1904430
Eswatini,SWZ,Account ownership at a financial institution or with a mobile-money-service provider (% of population ages 15+),FX.OWN.TOTL.ZS,28.5694427490234,..,..
Eswatini,SWZ,Mobile cellular subscriptions,IT.CEL.SETS,766540,916800,1052000
Ethiopia,ETH,Account ownership at a financial institution or with a mobile-money-service provider (% of population ages 15+),FX.OWN.TOTL.ZS,..,21.7915821075439,34.8275680541992
Ethiopia,ETH,Mobile cellular subscriptions,IT.CEL.SETS,14126700,30490000,39600000
Faroe Islands,FRO,Account ownership at a financial institution or with a mobile-money-service provider (% of population ages 15+),FX.OWN.TOTL.ZS,..,..,..
Faroe Islands,FRO,Mobile cellular subscriptions,IT.CEL.SETS,58475,58282,56293
Fiji,FJI,Account ownership at a financial institution or with a mobile-money-service provider (% of population ages 15+),FX.OWN.TOTL.ZS,..,..,..
Fiji,FJI,Mobile cellular subscriptions,IT.CEL.SETS,727000,876176,1033920
Finland,FIN,Account ownership at a financial institution or with a mobile-money-service provider (% of population ages 15+),FX.OWN.TOTL.ZS,99.651252746582,100,99.7854156494141
Finland,FIN,Mobile cellular subscriptions,IT.CEL.SETS,8940000,7602600,7310000
France,FRA,Account ownership at a financial institution or with a mobile-money-service provider (% of population ages 15+),FX.OWN.TOTL.ZS,96.98388671875,96.5827560424805,94.0040435791016
France,FRA,Mobile cellular subscriptions,IT.CEL.SETS,59816000,65425000,69018000
French Polynesia,PYF,Account ownership at a financial institution or with a mobile-money-service provider (% of population ages 15+),FX.OWN.TOTL.ZS,..,..,..
French Polynesia,PYF,Mobile cellular subscriptions,IT.CEL.SETS,222827,255123,287839
Gabon,GAB,Account ownership at a financial institution or with a mobile-money-service provider (% of population ages 15+),FX.OWN.TOTL.ZS,18.9465179443359,33.0141830444336,58.6019973754883
Gabon,GAB,Mobile cellular subscriptions,IT.CEL.SETS,2370230,2932730,2663240
"Gambia, The",GMB,Account ownership at a financial institution or with a mobile-money-service provider (% of population ages 15+),FX.OWN.TOTL.ZS,..,..,..
"Gambia, The",GMB,Mobile cellular subscriptions,IT.CEL.SETS,1401160,2283690,2966000
Georgia,GEO,Account ownership at a financial institution or with a mobile-money-service provider (% of population ages 15+),FX.OWN.TOTL.ZS,32.9809684753418,39.6650695800781,61.2304458618164
Georgia,GEO,Mobile cellular subscriptions,IT.CEL.SETS,4430340,5400770,5502400
Germany,DEU,Account ownership at a financial institution or with a mobile-money-service provider (% of population ages 15+),FX.OWN.TOTL.ZS,98.1336212158203,98.7604064941406,99.1411895751953
Germany,DEU,Mobile cellular subscriptions,IT.CEL.SETS,90900000,99530000,109736000
Ghana,GHA,Account ownership at a financial institution or with a mobile-money-service provider (% of population ages 15+),FX.OWN.TOTL.ZS,29.4253520965576,40.5057945251465,57.7175254821777
Ghana,GHA,Mobile cellular subscriptions,IT.CEL.SETS,21165800,30360800,36751800
Gibraltar,GIB,Account ownership at a financial institution or with a mobile-money-service provider (% of population ages 15+),FX.OWN.TOTL.ZS,..,..,..
Gibraltar,GIB,Mobile cellular subscriptions,IT.CEL.SETS,32500,38000,41035
Greece,GRC,Account ownership at a financial institution or with a mobile-money-service provider (% of population ages 15+),FX.OWN.TOTL.ZS,77.9398574829102,87.5186462402344,85.4665222167969
Greece,GRC,Mobile cellular subscriptions,IT.CEL.SETS,12128000,12144600,12937100
Greenland,GRL,Account ownership at a financial institution or with a mobile-money-service provider (% of population ages 15+),FX.OWN.TOTL.ZS,..,..,..
Greenland,GRL,Mobile cellular subscriptions,IT.CEL.SETS,58742,60800,62232
Grenada,GRD,Account ownership at a financial institution or with a mobile-money-service provider (% of population ages 15+),FX.OWN.TOTL.ZS,..,..,..
Grenada,GRD,Mobile cellular subscriptions,IT.CEL.SETS,120855,117151,113177
Guam,GUM,Account ownership at a financial institution or with a mobile-money-service provider (% of population ages 15+),FX.OWN.TOTL.ZS,..,..,..
Guam,GUM,Mobile cellular subscriptions,IT.CEL.SETS,..,..,..
Guatemala,GTM,Account ownership at a financial institution or with a mobile-money-service provider (% of population ages 15+),FX.OWN.TOTL.ZS,22.318883895874,41.3492164611816,44.1070098876953
Guatemala,GTM,Mobile cellular subscriptions,IT.CEL.SETS,19479100,16911800,19986500
Guinea,GIN,Account ownership at a financial institution or with a mobile-money-service provider (% of population ages 15+),FX.OWN.TOTL.ZS,3.68784999847412,6.96001720428467,23.4860343933105
Guinea,GIN,Mobile cellular subscriptions,IT.CEL.SETS,4860590,8683500,11700000
Guinea-Bissau,GNB,Account ownership at a financial institution or with a mobile-money-service provider (% of population ages 15+),FX.OWN.TOTL.ZS,..,..,..
Guinea-Bissau,GNB,Mobile cellular subscriptions,IT.CEL.SETS,732634,1108300,1434820
Guyana,GUY,Account ownership at a financial institution or with a mobile-money-service provider (% of population ages 15+),FX.OWN.TOTL.ZS,..,..,..
Guyana,GUY,Mobile cellular subscriptions,IT.CEL.SETS,528757,566905,643210
Haiti,HTI,Account ownership at a financial institution or with a mobile-money-service provider (% of population ages 15+),FX.OWN.TOTL.ZS,22.0072689056396,18.8586769104004,32.6211853027344
Haiti,HTI,Mobile cellular subscriptions,IT.CEL.SETS,4200000,6769310,6305860
Honduras,HND,Account ownership at a financial institution or with a mobile-money-service provider (% of population ages 15+),FX.OWN.TOTL.ZS,20.512264251709,31.4863586425781,45.3429718017578
Honduras,HND,Mobile cellular subscriptions,IT.CEL.SETS,8062230,7725090,8233500
"Hong Kong SAR, China",HKG,Account ownership at a financial institution or with a mobile-money-service provider (% of population ages 15+),FX.OWN.TOTL.ZS,88.68603515625,96.1476364135742,95.2832565307617
"Hong Kong SAR, China",HKG,Mobile cellular subscriptions,IT.CEL.SETS,15292900,16959500,18394800
Hungary,HUN,Account ownership at a financial institution or with a mobile-money-service provider (% of population ages 15+),FX.OWN.TOTL.ZS,72.6743240356445,72.2568283081055,74.9449691772461
Hungary,HUN,Mobile cellular subscriptions,IT.CEL.SETS,11689900,11726500,9945040
Iceland,ISL,Account ownership at a financial institution or with a mobile-money-service provider (% of population ages 15+),FX.OWN.TOTL.ZS,..,..,..
Iceland,ISL,Mobile cellular subscriptions,IT.CEL.SETS,344085,370047,410662
India,IND,Account ownership at a financial institution or with a mobile-money-service provider (% of population ages 15+),FX.OWN.TOTL.ZS,35.2318382263184,53.1415519714355,79.8753280639648
India,IND,Mobile cellular subscriptions,IT.CEL.SETS,893862000,944009000,1168900000
Indonesia,IDN,Account ownership at a financial institution or with a mobile-money-service provider (% of population ages 15+),FX.OWN.TOTL.ZS,19.5819911956787,36.0589904785156,48.8574523925781
Indonesia,IDN,Mobile cellular subscriptions,IT.CEL.SETS,249806000,325583000,435194000
"Iran, Islamic Rep.",IRN,Account ownership at a financial institution or with a mobile-money-service provider (% of population ages 15+),FX.OWN.TOTL.ZS,73.6838531494141,92.2802505493164,93.9819183349609
"Iran, Islamic Rep.",IRN,Mobile cellular subscriptions,IT.CEL.SETS,56043000,68891200,87047000
Iraq,IRQ,Account ownership at a financial institution or with a mobile-money-service provider (% of population ages 15+),FX.OWN.TOTL.ZS,10.5537452697754,10.9723491668701,22.6651515960693
Iraq,IRQ,Mobile cellular subscriptions,IT.CEL.SETS,25519000,33000000,33415700
Ireland,IRL,Account ownership at a financial institution or with a mobile-money-service provider (% of population ages 15+),FX.OWN.TOTL.ZS,93.8883514404297,94.7101440429688,95.3404541015625
Ireland,IRL,Mobile cellular subscriptions,IT.CEL.SETS,4906350,4912620,4898870
Isle of Man,IMN,Account ownership at a financial institution or with a mobile-money-service provider (% of population ages 15+),FX.OWN.TOTL.ZS,..,..,..
Isle of Man,IMN,Mobile cellular subscriptions,IT.CEL.SETS,..,..,..
Israel,ISR,Account ownership at a financial institution or with a mobile-money-service provider (% of population ages 15+),FX.OWN.TOTL.ZS,90.468635559082,89.9527740478516,92.8149642944336
Israel,ISR,Mobile cellular subscriptions,IT.CEL.SETS,9200000,9500000,10540000
Italy,ITA,Account ownership at a financial institution or with a mobile-money-service provider (% of population ages 15+),FX.OWN.TOTL.ZS,71.0085296630859,87.3345794677734,93.7850189208984
Italy,ITA,Mobile cellular subscriptions,IT.CEL.SETS,96040900,89914600,83871500
Jamaica,JAM,Account ownership at a financial institution or with a mobile-money-service provider (% of population ages 15+),FX.OWN.TOTL.ZS,70.9915008544922,78.4582061767578,..
Jamaica,JAM,Mobile cellular subscriptions,IT.CEL.SETS,2945400,3005490,3091220
Japan,JPN,Account ownership at a financial institution or with a mobile-money-service provider (% of population ages 15+),FX.OWN.TOTL.ZS,96.4220428466797,96.6455841064453,98.2433929443359
Japan,JPN,Mobile cellular subscriptions,IT.CEL.SETS,132761000,157857000,172790000
Jordan,JOR,Account ownership at a financial institution or with a mobile-money-service provider (% of population ages 15+),FX.OWN.TOTL.ZS,25.471097946167,24.6159114837646,42.4930229187012
Jordan,JOR,Mobile cellular subscriptions,IT.CEL.SETS,7482560,11092400,9703290
Kazakhstan,KAZ,Account ownership at a financial institution or with a mobile-money-service provider (% of population ages 15+),FX.OWN.TOTL.ZS,42.105094909668,53.9074172973633,58.6975326538086
Kazakhstan,KAZ,Mobile cellular subscriptions,IT.CEL.SETS,25240800,28595600,26693300
Kenya,KEN,Account ownership at a financial institution or with a mobile-money-service provider (% of population ages 15+),FX.OWN.TOTL.ZS,42.3434562683105,74.6578369140625,81.5675659179688
Kenya,KEN,Mobile cellular subscriptions,IT.CEL.SETS,28080800,33632600,42815100
Kiribati,KIR,Account ownership at a financial institution or with a mobile-money-service provider (% of population ages 15+),FX.OWN.TOTL.ZS,..,..,..
Kiribati,KIR,Mobile cellular subscriptions,IT.CEL.SETS,13788,30000,46123
"Korea, Dem. People’s Rep.",PRK,Account ownership at a financial institution or with a mobile-money-service provider (% of population ages 15+),FX.OWN.TOTL.ZS,..,..,..
"Korea, Dem. People’s Rep.",PRK,Mobile cellular subscriptions,IT.CEL.SETS,1000000,2800000,3810000
"Korea, Rep.",KOR,Account ownership at a financial institution or with a mobile-money-service provider (% of population ages 15+),FX.OWN.TOTL.ZS,93.0468673706055,94.3608169555664,94.8510131835938
"Korea, Rep.",KOR,Mobile cellular subscriptions,IT.CEL.SETS,52506800,57290400,63658700
Kosovo,XKX,Account ownership at a financial institution or with a mobile-money-service provider (% of population ages 15+),FX.OWN.TOTL.ZS,44.3099632263184,47.803150177002,52.2733993530273
Kosovo,XKX,Mobile cellular subscriptions,IT.CEL.SETS,562000,562000,..
Kuwait,KWT,Account ownership at a financial institution or with a mobile-money-service provider (% of population ages 15+),FX.OWN.TOTL.ZS,86.7732467651367,72.9081802368164,79.8401565551758
Kuwait,KWT,Mobile cellular subscriptions,IT.CEL.SETS,4934160,7600000,7138830
Kyrgyz Republic,KGZ,Account ownership at a financial institution or with a mobile-money-service provider (% of population ages 15+),FX.OWN.TOTL.ZS,3.75726437568665,18.4706020355225,39.9420013427734
Kyrgyz Republic,KGZ,Mobile cellular subscriptions,IT.CEL.SETS,6277110,7563440,7369930
Lao PDR,LAO,Account ownership at a financial institution or with a mobile-money-service provider (% of population ages 15+),FX.OWN.TOTL.ZS,26.7734565734863,..,29.05641746521
Lao PDR,LAO,Mobile cellular subscriptions,IT.CEL.SETS,5480850,4618590,3711810
Latvia,LVA,Account ownership at a financial institution or with a mobile-money-service provider (% of population ages 15+),FX.OWN.TOTL.ZS,89.6588287353516,90.2182540893555,93.2224731445313
Latvia,LVA,Mobile cellular subscriptions,IT.CEL.SETS,2309000,2384000,2464120
Lebanon,LBN,Account ownership at a financial institution or with a mobile-money-service provider (% of population ages 15+),FX.OWN.TOTL.ZS,37.0273246765137,46.9271354675293,44.7514228820801
Lebanon,LBN,Mobile cellular subscriptions,IT.CEL.SETS,3456650,4387280,4399090
Lesotho,LSO,Account ownership at a financial institution or with a mobile-money-service provider (% of population ages 15+),FX.OWN.TOTL.ZS,18.4970245361328,..,45.5638160705566
Lesotho,LSO,Mobile cellular subscriptions,IT.CEL.SETS,1232350,2138790,2380800
Liberia,LBR,Account ownership at a financial institution or with a mobile-money-service provider (% of population ages 15+),FX.OWN.TOTL.ZS,18.8014659881592,..,35.7138404846191
Liberia,LBR,Mobile cellular subscriptions,IT.CEL.SETS,2020640,3225260,2660000
Libya,LBY,Account ownership at a financial institution or with a mobile-money-service provider (% of population ages 15+),FX.OWN.TOTL.ZS,..,..,65.6675186157227
Libya,LBY,Mobile cellular subscriptions,IT.CEL.SETS,10000000,8497080,6020000
Liechtenstein,LIE,Account ownership at a financial institution or with a mobile-money-service provider (% of population ages 15+),FX.OWN.TOTL.ZS,..,..,..
Liechtenstein,LIE,Mobile cellular subscriptions,IT.CEL.SETS,36970,40652,46402
Lithuania,LTU,Account ownership at a financial institution or with a mobile-money-service provider (% of population ages 15+),FX.OWN.TOTL.ZS,73.7551956176758,77.9062881469727,82.8838500976563
Lithuania,LTU,Mobile cellular subscriptions,IT.CEL.SETS,4938000,4267590,4361330
Luxembourg,LUX,Account ownership at a financial institution or with a mobile-money-service provider (% of population ages 15+),FX.OWN.TOTL.ZS,94.5867919921875,96.1686935424805,98.7678527832031
Luxembourg,LUX,Mobile cellular subscriptions,IT.CEL.SETS,764973,802400,794000
"Macao SAR, China",MAC,Account ownership at a financial institution or with a mobile-money-service provider (% of population ages 15+),FX.OWN.TOTL.ZS,..,..,..
"Macao SAR, China",MAC,Mobile cellular subscriptions,IT.CEL.SETS,1353190,1856450,2047000
Madagascar,MDG,Account ownership at a financial institution or with a mobile-money-service provider (% of population ages 15+),FX.OWN.TOTL.ZS,5.52322292327881,8.5513391494751,17.8678703308105
Madagascar,MDG,Mobile cellular subscriptions,IT.CEL.SETS,8680770,9713880,8730500
Malawi,MWI,Account ownership at a financial institution or with a mobile-money-service provider (% of population ages 15+),FX.OWN.TOTL.ZS,16.5406112670898,18.0924186706543,33.7139320373535
Malawi,MWI,Mobile cellular subscriptions,IT.CEL.SETS,3951570,5632510,7772500
Malaysia,MYS,Account ownership at a financial institution or with a mobile-money-service provider (% of population ages 15+),FX.OWN.TOTL.ZS,66.1738128662109,80.6746215820313,85.34375
Malaysia,MYS,Mobile cellular subscriptions,IT.CEL.SETS,36661300,44928600,42338500
Maldives,MDV,Account ownership at a financial institution or with a mobile-money-service provider (% of population ages 15+),FX.OWN.TOTL.ZS,..,..,..
Maldives,MDV,Mobile cellular subscriptions,IT.CEL.SETS,530449,665818,900120
Mali,MLI,Account ownership at a financial institution or with a mobile-money-service provider (% of population ages 15+),FX.OWN.TOTL.ZS,8.21385288238525,20.0760402679443,35.4166793823242
Mali,MLI,Mobile cellular subscriptions,IT.CEL.SETS,10821900,23505600,22034100
Malta,MLT,Account ownership at a financial institution or with a mobile-money-service provider (% of population ages 15+),FX.OWN.TOTL.ZS,95.2700729370117,96.327995300293,97.3629150390625
Malta,MLT,Mobile cellular subscriptions,IT.CEL.SETS,521748,546229,604759
Marshall Islands,MHL,Account ownership at a financial institution or with a mobile-money-service provider (% of population ages 15+),FX.OWN.TOTL.ZS,..,..,..
Marshall Islands,MHL,Mobile cellular subscriptions,IT.CEL.SETS,..,15500,16000
Mauritania,MRT,Account ownership at a financial institution or with a mobile-money-service provider (% of population ages 15+),FX.OWN.TOTL.ZS,17.4618148803711,22.8658828735352,20.8725070953369
Mauritania,MRT,Mobile cellular subscriptions,IT.CEL.SETS,3314770,3753330,4074160
Mauritius,MUS,Account ownership at a financial institution or with a mobile-money-service provider (% of population ages 15+),FX.OWN.TOTL.ZS,80.1232070922852,82.2082672119141,89.842529296875
Mauritius,MUS,Mobile cellular subscriptions,IT.CEL.SETS,1294100,1652000,1839500
Mexico,MEX,Account ownership at a financial institution or with a mobile-money-service provider (% of population ages 15+),FX.OWN.TOTL.ZS,27.4293842315674,39.1408462524414,36.9319190979004
Mexico,MEX,Mobile cellular subscriptions,IT.CEL.SETS,94583300,104948000,114329000
"Micronesia, Fed. Sts.",FSM,Account ownership at a financial institution or with a mobile-money-service provider (% of population ages 15+),FX.OWN.TOTL.ZS,..,..,..
"Micronesia, Fed. Sts.",FSM,Mobile cellular subscriptions,IT.CEL.SETS,27600,31393,23114
Moldova,MDA,Account ownership at a financial institution or with a mobile-money-service provider (% of population ages 15+),FX.OWN.TOTL.ZS,18.0663204193115,17.7557468414307,43.7856521606445
Moldova,MDA,Mobile cellular subscriptions,IT.CEL.SETS,3217260,3738130,3662970
Monaco,MCO,Account ownership at a financial institution or with a mobile-money-service provider (% of population ages 15+),FX.OWN.TOTL.ZS,..,..,..
Monaco,MCO,Mobile cellular subscriptions,IT.CEL.SETS,31789,33675,32978
Mongolia,MNG,Account ownership at a financial institution or with a mobile-money-service provider (% of population ages 15+),FX.OWN.TOTL.ZS,77.7170867919922,91.8217849731445,92.9711685180664
Mongolia,MNG,Mobile cellular subscriptions,IT.CEL.SETS,2942310,3027240,3886170
Montenegro,MNE,Account ownership at a financial institution or with a mobile-money-service provider (% of population ages 15+),FX.OWN.TOTL.ZS,50.4380149841309,59.8260116577148,68.3617935180664
Montenegro,MNE,Mobile cellular subscriptions,IT.CEL.SETS,1159110,1013300,1044670
Morocco,MAR,Account ownership at a financial institution or with a mobile-money-service provider (% of population ages 15+),FX.OWN.TOTL.ZS,..,..,28.6444606781006
Morocco,MAR,Mobile cellular subscriptions,IT.CEL.SETS,36553900,44114500,43916100
Mozambique,MOZ,Account ownership at a financial institution or with a mobile-money-service provider (% of population ages 15+),FX.OWN.TOTL.ZS,..,..,41.6701049804688
Mozambique,MOZ,Mobile cellular subscriptions,IT.CEL.SETS,7855350,18482600,11875500
Myanmar,MMR,Account ownership at a financial institution or with a mobile-money-service provider (% of population ages 15+),FX.OWN.TOTL.ZS,..,22.7841949462891,25.9922981262207
Myanmar,MMR,Mobile cellular subscriptions,IT.CEL.SETS,1243620,29029300,47946700
Namibia,NAM,Account ownership at a financial institution or with a mobile-money-service provider (% of population ages 15+),FX.OWN.TOTL.ZS,..,58.8338966369629,80.6334991455078
Namibia,NAM,Mobile cellular subscriptions,IT.CEL.SETS,2194500,2670980,2680200
Nauru,NRU,Account ownership at a financial institution or with a mobile-money-service provider (% of population ages 15+),FX.OWN.TOTL.ZS,..,..,..
Nauru,NRU,Mobile cellular subscriptions,IT.CEL.SETS,6700,6800,10000
Nepal,NPL,Account ownership at a financial institution or with a mobile-money-service provider (% of population ages 15+),FX.OWN.TOTL.ZS,25.308557510376,33.8013496398926,45.3855743408203
Nepal,NPL,Mobile cellular subscriptions,IT.CEL.SETS,13354500,23021300,36096400
Netherlands,NLD,Account ownership at a financial institution or with a mobile-money-service provider (% of population ages 15+),FX.OWN.TOTL.ZS,98.6585311889648,99.2956008911133,99.6376190185547
Netherlands,NLD,Mobile cellular subscriptions,IT.CEL.SETS,19829300,19562000,20532000
New Caledonia,NCL,Account ownership at a financial institution or with a mobile-money-service provider (% of population ages 15+),FX.OWN.TOTL.ZS,..,..,..
New Caledonia,NCL,Mobile cellular subscriptions,IT.CEL.SETS,227310,243100,260277
New Zealand,NZL,Account ownership at a financial institution or with a mobile-money-service provider (% of population ages 15+),FX.OWN.TOTL.ZS,99.4367294311523,99.5255355834961,99.1784439086914
New Zealand,NZL,Mobile cellular subscriptions,IT.CEL.SETS,4820000,5100000,6400000
Nicaragua,NIC,Account ownership at a financial institution or with a mobile-money-service provider (% of population ages 15+),FX.OWN.TOTL.ZS,14.2183322906494,19.4384841918945,30.8619918823242
Nicaragua,NIC,Mobile cellular subscriptions,IT.CEL.SETS,4823530,7067860,8179880
Niger,NER,Account ownership at a financial institution or with a mobile-money-service provider (% of population ages 15+),FX.OWN.TOTL.ZS,1.52169871330261,6.70658779144287,15.5232448577881
Niger,NER,Mobile cellular subscriptions,IT.CEL.SETS,4742880,8236400,8778880
Nigeria,NGA,Account ownership at a financial institution or with a mobile-money-service provider (% of population ages 15+),FX.OWN.TOTL.ZS,29.667537689209,44.4419860839844,39.6668586730957
Nigeria,NGA,Mobile cellular subscriptions,IT.CEL.SETS,95167300,138960000,144920000
North Macedonia,MKD,Account ownership at a financial institution or with a mobile-money-service provider (% of population ages 15+),FX.OWN.TOTL.ZS,73.6989440917969,71.7985000610352,76.5687713623047
North Macedonia,MKD,Mobile cellular subscriptions,IT.CEL.SETS,2213220,2224440,2008010
Northern Mariana Islands,MNP,Account ownership at a financial institution or with a mobile-money-service provider (% of population ages 15+),FX.OWN.TOTL.ZS,..,..,..
Northern Mariana Islands,MNP,Mobile cellular subscriptions,IT.CEL.SETS,..,..,..
Norway,NOR,Account ownership at a financial institution or with a mobile-money-service provider (% of population ages 15+),FX.OWN.TOTL.ZS,..,100,99.7451400756836
Norway,NOR,Mobile cellular subscriptions,IT.CEL.SETS,5725450,5737960,5719670
Oman,OMN,Account ownership at a financial institution or with a mobile-money-service provider (% of population ages 15+),FX.OWN.TOTL.ZS,73.6024169921875,..,..
Oman,OMN,Mobile cellular subscriptions,IT.CEL.SETS,4809250,6194170,6943910
Pakistan,PAK,Account ownership at a financial institution or with a mobile-money-service provider (% of population ages 15+),FX.OWN.TOTL.ZS,10.3062963485718,13.0361919403076,21.2932453155518
Pakistan,PAK,Mobile cellular subscriptions,IT.CEL.SETS,108895000,135762000,144526000
Palau,PLW,Account ownership at a financial institution or with a mobile-money-service provider (% of population ages 15+),FX.OWN.TOTL.ZS,..,..,..
Palau,PLW,Mobile cellular subscriptions,IT.CEL.SETS,15445,19114,23743
Panama,PAN,Account ownership at a financial institution or with a mobile-money-service provider (% of population ages 15+),FX.OWN.TOTL.ZS,24.9264945983887,43.6621398925781,46.4942588806152
Panama,PAN,Mobile cellular subscriptions,IT.CEL.SETS,6735430,6906090,5280200
Papua New Guinea,PNG,Account ownership at a financial institution or with a mobile-money-service provider (% of population ages 15+),FX.OWN.TOTL.ZS,..,..,..
Papua New Guinea,PNG,Mobile cellular subscriptions,IT.CEL.SETS,2400000,3358900,4018000
Paraguay,PRY,Account ownership at a financial institution or with a mobile-money-service provider (% of population ages 15+),FX.OWN.TOTL.ZS,21.7201461791992,..,48.6468620300293
Paraguay,PRY,Mobile cellular subscriptions,IT.CEL.SETS,6529050,7305280,7468280
Peru,PER,Account ownership at a financial institution or with a mobile-money-service provider (% of population ages 15+),FX.OWN.TOTL.ZS,20.4586849212646,28.9752330780029,42.6031799316406
Peru,PER,Mobile cellular subscriptions,IT.CEL.SETS,32461400,31880000,38915400
Philippines,PHL,Account ownership at a financial institution or with a mobile-money-service provider (% of population ages 15+),FX.OWN.TOTL.ZS,26.5559253692627,31.2858352661133,34.4984092712402
Philippines,PHL,Mobile cellular subscriptions,IT.CEL.SETS,94189800,111326000,115825000
Poland,POL,Account ownership at a financial institution or with a mobile-money-service provider (% of population ages 15+),FX.OWN.TOTL.ZS,70.1942901611328,77.862174987793,86.7333068847656
Poland,POL,Mobile cellular subscriptions,IT.CEL.SETS,50160200,56905300,50458900
Portugal,PRT,Account ownership at a financial institution or with a mobile-money-service provider (% of population ages 15+),FX.OWN.TOTL.ZS,81.2294235229492,87.3863525390625,92.3409881591797
Portugal,PRT,Mobile cellular subscriptions,IT.CEL.SETS,12334600,11895600,11764100
Puerto Rico,PRI,Account ownership at a financial institution or with a mobile-money-service provider (% of population ages 15+),FX.OWN.TOTL.ZS,..,69.7352676391602,..
Puerto Rico,PRI,Mobile cellular subscriptions,IT.CEL.SETS,3108370,3208820,3389400
Qatar,QAT,Account ownership at a financial institution or with a mobile-money-service provider (% of population ages 15+),FX.OWN.TOTL.ZS,65.8753890991211,..,..
Qatar,QAT,Mobile cellular subscriptions,IT.CEL.SETS,2302230,3305820,3988560
Romania,ROU,Account ownership at a financial institution or with a mobile-money-service provider (% of population ages 15+),FX.OWN.TOTL.ZS,44.591625213623,60.8371543884277,57.7518043518066
Romania,ROU,Mobile cellular subscriptions,IT.CEL.SETS,23420000,22920000,22400000
Russian Federation,RUS,Account ownership at a financial institution or with a mobile-money-service provider (% of population ages 15+),FX.OWN.TOTL.ZS,48.1784896850586,67.3830947875977,75.7588882446289
Russian Federation,RUS,Mobile cellular subscriptions,IT.CEL.SETS,203752000,221030000,227300000
Rwanda,RWA,Account ownership at a financial institution or with a mobile-money-service provider (% of population ages 15+),FX.OWN.TOTL.ZS,32.7638206481934,42.1169128417969,50.0197944641113
Rwanda,RWA,Mobile cellular subscriptions,IT.CEL.SETS,4446190,7747020,8819220
Samoa,WSM,Account ownership at a financial institution or with a mobile-money-service provider (% of population ages 15+),FX.OWN.TOTL.ZS,..,..,..
Samoa,WSM,Mobile cellular subscriptions,IT.CEL.SETS,90000,106524,124211
San Marino,SMR,Account ownership at a financial institution or with a mobile-money-service provider (% of population ages 15+),FX.OWN.TOTL.ZS,..,..,..
San Marino,SMR,Mobile cellular subscriptions,IT.CEL.SETS,35465,37600,38000
Sao Tome and Principe,STP,Account ownership at a financial institution or with a mobile-money-service provider (% of population ages 15+),FX.OWN.TOTL.ZS,..,..,..
Sao Tome and Principe,STP,Mobile cellular subscriptions,IT.CEL.SETS,115038,128500,173963
Saudi Arabia,SAU,Account ownership at a financial institution or with a mobile-money-service provider (% of population ages 15+),FX.OWN.TOTL.ZS,46.4206619262695,69.4095840454102,71.6981201171875
Saudi Arabia,SAU,Mobile cellular subscriptions,IT.CEL.SETS,54000000,52735000,40211000
Senegal,SEN,Account ownership at a financial institution or with a mobile-money-service provider (% of population ages 15+),FX.OWN.TOTL.ZS,5.82114124298096,15.4245719909668,42.3440170288086
Senegal,SEN,Mobile cellular subscriptions,IT.CEL.SETS,9352870,14379700,15758400
Serbia,SRB,Account ownership at a financial institution or with a mobile-money-service provider (% of population ages 15+),FX.OWN.TOTL.ZS,62.2162208557129,83.0923385620117,71.441047668457
Serbia,SRB,Mobile cellular subscriptions,IT.CEL.SETS,10182000,9344980,8621770
Seychelles,SYC,Account ownership at a financial institution or with a mobile-money-service provider (% of population ages 15+),FX.OWN.TOTL.ZS,..,..,..
Seychelles,SYC,Mobile cellular subscriptions,IT.CEL.SETS,126594,151336,167282
Sierra Leone,SLE,Account ownership at a financial institution or with a mobile-money-service provider (% of population ages 15+),FX.OWN.TOTL.ZS,15.3417558670044,15.5800104141235,19.8087596893311
Sierra Leone,SLE,Mobile cellular subscriptions,IT.CEL.SETS,2137000,4756800,6625000
Singapore,SGP,Account ownership at a financial institution or with a mobile-money-service provider (% of population ages 15+),FX.OWN.TOTL.ZS,98.2218933105469,96.3526000976563,97.9311676025391
Singapore,SGP,Mobile cellular subscriptions,IT.CEL.SETS,7794300,8103800,8381900
Sint Maarten (Dutch part),SXM,Account ownership at a financial institution or with a mobile-money-service provider (% of population ages 15+),FX.OWN.TOTL.ZS,..,..,..
Sint Maarten (Dutch part),SXM,Mobile cellular subscriptions,IT.CEL.SETS,..,68840,68840
Slovak Republic,SVK,Account ownership at a financial institution or with a mobile-money-service provider (% of population ages 15+),FX.OWN.TOTL.ZS,79.5830154418945,77.2413940429688,84.1815872192383
Slovak Republic,SVK,Mobile cellular subscriptions,IT.CEL.SETS,5983060,6378100,7117750
Slovenia,SVN,Account ownership at a financial institution or with a mobile-money-service provider (% of population ages 15+),FX.OWN.TOTL.ZS,97.1437149047852,97.244514465332,97.5334014892578
Slovenia,SVN,Mobile cellular subscriptions,IT.CEL.SETS,2168550,2326390,2443170
Solomon Islands,SLB,Account ownership at a financial institution or with a mobile-money-service provider (% of population ages 15+),FX.OWN.TOTL.ZS,..,..,..
Solomon Islands,SLB,Mobile cellular subscriptions,IT.CEL.SETS,274872,376696,465331
Somalia,SOM,Account ownership at a financial institution or with a mobile-money-service provider (% of population ages 15+),FX.OWN.TOTL.ZS,..,38.660327911377,..
Somalia,SOM,Mobile cellular subscriptions,IT.CEL.SETS,1800000,5500000,7119000
South Africa,ZAF,Account ownership at a financial institution or with a mobile-money-service provider (% of population ages 15+),FX.OWN.TOTL.ZS,53.6450729370117,70.3174514770508,69.2184906005859
South Africa,ZAF,Mobile cellular subscriptions,IT.CEL.SETS,64000000,79280700,88497600
South Sudan,SSD,Account ownership at a financial institution or with a mobile-money-service provider (% of population ages 15+),FX.OWN.TOTL.ZS,..,..,8.5700044631958
South Sudan,SSD,Mobile cellular subscriptions,IT.CEL.SETS,1800000,2876100,2788930
Spain,ESP,Account ownership at a financial institution or with a mobile-money-service provider (% of population ages 15+),FX.OWN.TOTL.ZS,93.2776031494141,97.575309753418,93.7557067871094
Spain,ESP,Mobile cellular subscriptions,IT.CEL.SETS,52590500,50806300,52506900
Sri Lanka,LKA,Account ownership at a financial institution or with a mobile-money-service provider (% of population ages 15+),FX.OWN.TOTL.ZS,68.5261688232422,82.6913833618164,73.6464614868164
Sri Lanka,LKA,Mobile cellular subscriptions,IT.CEL.SETS,18319400,22123000,28199100
St. Kitts and Nevis,KNA,Account ownership at a financial institution or with a mobile-money-service provider (% of population ages 15+),FX.OWN.TOTL.ZS,..,..,..
St. Kitts and Nevis,KNA,Mobile cellular subscriptions,IT.CEL.SETS,77000,65000,76878
St. Lucia,LCA,Account ownership at a financial institution or with a mobile-money-service provider (% of population ages 15+),FX.OWN.TOTL.ZS,..,..,..
St. Lucia,LCA,Mobile cellular subscriptions,IT.CEL.SETS,216530,188351,176694
St. Martin (French part),MAF,Account ownership at a financial institution or with a mobile-money-service provider (% of population ages 15+),FX.OWN.TOTL.ZS,..,..,..
St. Martin (French part),MAF,Mobile cellular subscriptions,IT.CEL.SETS,..,..,..
St. Vincent and the Grenadines,VCT,Account ownership at a financial institution or with a mobile-money-service provider (% of population ages 15+),FX.OWN.TOTL.ZS,..,..,..
St. Vincent and the Grenadines,VCT,Mobile cellular subscriptions,IT.CEL.SETS,131809,115017,115844
Sudan,SDN,Account ownership at a financial institution or with a mobile-money-service provider (% of population ages 15+),FX.OWN.TOTL.ZS,6.89979791641235,15.2684326171875,..
Sudan,SDN,Mobile cellular subscriptions,IT.CEL.SETS,25056200,27796600,28644100
Suriname,SUR,Account ownership at a financial institution or with a mobile-money-service provider (% of population ages 15+),FX.OWN.TOTL.ZS,..,..,..
Suriname,SUR,Mobile cellular subscriptions,IT.CEL.SETS,533522,927800,795871
Sweden,SWE,Account ownership at a financial institution or with a mobile-money-service provider (% of population ages 15+),FX.OWN.TOTL.ZS,98.9919509887695,99.7199172973633,99.7422103881836
Sweden,SWE,Mobile cellular subscriptions,IT.CEL.SETS,11454300,12312500,12519300
Switzerland,CHE,Account ownership at a financial institution or with a mobile-money-service provider (% of population ages 15+),FX.OWN.TOTL.ZS,..,97.9856414794922,98.4296646118164
Switzerland,CHE,Mobile cellular subscriptions,IT.CEL.SETS,10082600,11150000,11088600
Syrian Arab Republic,SYR,Account ownership at a financial institution or with a mobile-money-service provider (% of population ages 15+),FX.OWN.TOTL.ZS,23.2530860900879,..,..
Syrian Arab Republic,SYR,Mobile cellular subscriptions,IT.CEL.SETS,12917000,14039700,15386000
Tajikistan,TJK,Account ownership at a financial institution or with a mobile-money-service provider (% of population ages 15+),FX.OWN.TOTL.ZS,2.53485727310181,11.4592332839966,47.0243949890137
Tajikistan,TJK,Mobile cellular subscriptions,IT.CEL.SETS,6324000,7999100,9904000
Tanzania,TZA,Account ownership at a financial institution or with a mobile-money-service provider (% of population ages 15+),FX.OWN.TOTL.ZS,17.2577686309814,39.7794761657715,46.7515640258789
Tanzania,TZA,Mobile cellular subscriptions,IT.CEL.SETS,25666500,31862700,39953900
Thailand,THA,Account ownership at a financial institution or with a mobile-money-service provider (% of population ages 15+),FX.OWN.TOTL.ZS,72.6664352416992,78.1365509033203,81.5940017700195
Thailand,THA,Mobile cellular subscriptions,IT.CEL.SETS,77449000,97096000,121530000
Timor-Leste,TLS,Account ownership at a financial institution or with a mobile-money-service provider (% of population ages 15+),FX.OWN.TOTL.ZS,..,..,..
Timor-Leste,TLS,Mobile cellular subscriptions,IT.CEL.SETS,614151,1375750,1556620
Togo,TGO,Account ownership at a financial institution or with a mobile-money-service provider (% of population ages 15+),FX.OWN.TOTL.ZS,10.1852397918701,18.2514629364014,45.2893524169922
Togo,TGO,Mobile cellular subscriptions,IT.CEL.SETS,2695340,4516110,6069910
Tonga,TON,Account ownership at a financial institution or with a mobile-money-service provider (% of population ages 15+),FX.OWN.TOTL.ZS,..,..,..
Tonga,TON,Mobile cellular subscriptions,IT.CEL.SETS,55000,68000,107938
Trinidad and Tobago,TTO,Account ownership at a financial institution or with a mobile-money-service provider (% of population ages 15+),FX.OWN.TOTL.ZS,75.9220581054688,..,80.7833480834961
Trinidad and Tobago,TTO,Mobile cellular subscriptions,IT.CEL.SETS,1826200,1980570,2030640
Tunisia,TUN,Account ownership at a financial institution or with a mobile-money-service provider (% of population ages 15+),FX.OWN.TOTL.ZS,..,27.4323101043701,36.906566619873
Tunisia,TUN,Mobile cellular subscriptions,IT.CEL.SETS,12387700,14283600,14334100
Turkey,TUR,Account ownership at a financial institution or with a mobile-money-service provider (% of population ages 15+),FX.OWN.TOTL.ZS,57.6014289855957,56.6774826049805,68.5903091430664
Turkey,TUR,Mobile cellular subscriptions,IT.CEL.SETS,65321700,71888400,77800200
Turkmenistan,TKM,Account ownership at a financial institution or with a mobile-money-service provider (% of population ages 15+),FX.OWN.TOTL.ZS,0.404911547899246,..,40.5764122009277
Turkmenistan,TKM,Mobile cellular subscriptions,IT.CEL.SETS,5300000,7206100,9377000
Turks and Caicos Islands,TCA,Account ownership at a financial institution or with a mobile-money-service provider (% of population ages 15+),FX.OWN.TOTL.ZS,..,..,..
Turks and Caicos Islands,TCA,Mobile cellular subscriptions,IT.CEL.SETS,..,..,..
Tuvalu,TUV,Account ownership at a financial institution or with a mobile-money-service provider (% of population ages 15+),FX.OWN.TOTL.ZS,..,..,..
Tuvalu,TUV,Mobile cellular subscriptions,IT.CEL.SETS,2130,3800,8000
Uganda,UGA,Account ownership at a financial institution or with a mobile-money-service provider (% of population ages 15+),FX.OWN.TOTL.ZS,20.4614200592041,44.4471549987793,59.1991500854492
Uganda,UGA,Mobile cellular subscriptions,IT.CEL.SETS,16697000,20365900,24948900
Ukraine,UKR,Account ownership at a financial institution or with a mobile-money-service provider (% of population ages 15+),FX.OWN.TOTL.ZS,41.2685737609863,52.7148132324219,62.9023323059082
Ukraine,UKR,Mobile cellular subscriptions,IT.CEL.SETS,55576500,61170200,55714700
United Arab Emirates,ARE,Account ownership at a financial institution or with a mobile-money-service provider (% of population ages 15+),FX.OWN.TOTL.ZS,59.7323722839355,83.7433242797852,88.2103881835938
United Arab Emirates,ARE,Mobile cellular subscriptions,IT.CEL.SETS,11727400,16819000,19826200
United Kingdom,GBR,Account ownership at a financial institution or with a mobile-money-service provider (% of population ages 15+),FX.OWN.TOTL.ZS,97.201286315918,98.9310531616211,96.3663177490234
United Kingdom,GBR,Mobile cellular subscriptions,IT.CEL.SETS,77162300,78460700,79152800
United States,USA,Account ownership at a financial institution or with a mobile-money-service provider (% of population ages 15+),FX.OWN.TOTL.ZS,87.9578628540039,93.5838012695313,93.122184753418
United States,USA,Mobile cellular subscriptions,IT.CEL.SETS,297404000,355500000,400206000
Uruguay,URY,Account ownership at a financial institution or with a mobile-money-service provider (% of population ages 15+),FX.OWN.TOTL.ZS,23.5426006317139,45.5857276916504,63.8680038452148
Uruguay,URY,Mobile cellular subscriptions,IT.CEL.SETS,4757430,5497090,5097570
Uzbekistan,UZB,Account ownership at a financial institution or with a mobile-money-service provider (% of population ages 15+),FX.OWN.TOTL.ZS,22.5039176940918,40.7100143432617,37.0897369384766
Uzbekistan,UZB,Mobile cellular subscriptions,IT.CEL.SETS,25441800,21639200,24265500
Vanuatu,VUT,Account ownership at a financial institution or with a mobile-money-service provider (% of population ages 15+),FX.OWN.TOTL.ZS,..,..,..
Vanuatu,VUT,Mobile cellular subscriptions,IT.CEL.SETS,136956,156051,228016
"Venezuela, RB",VEN,Account ownership at a financial institution or with a mobile-money-service provider (% of population ages 15+),FX.OWN.TOTL.ZS,44.1166610717773,57.0263252258301,73.4945068359375
"Venezuela, RB",VEN,Mobile cellular subscriptions,IT.CEL.SETS,28782000,30528000,25090400
Vietnam,VNM,Account ownership at a financial institution or with a mobile-money-service provider (% of population ages 15+),FX.OWN.TOTL.ZS,21.3694934844971,30.9509449005127,30.7957916259766
Vietnam,VNM,Mobile cellular subscriptions,IT.CEL.SETS,127318000,136148000,120016000
Virgin Islands (U.S.),VIR,Account ownership at a financial institution or with a mobile-money-service provider (% of population ages 15+),FX.OWN.TOTL.ZS,..,..,..
Virgin Islands (U.S.),VIR,Mobile cellular subscriptions,IT.CEL.SETS,..,..,..
West Bank and Gaza,PSE,Account ownership at a financial institution or with a mobile-money-service provider (% of population ages 15+),FX.OWN.TOTL.ZS,19.4280319213867,24.2438068389893,25.0221767425537
West Bank and Gaza,PSE,Mobile cellular subscriptions,IT.CEL.SETS,2884960,3197550,3996210
"Yemen, Rep.",YEM,Account ownership at a financial institution or with a mobile-money-service provider (% of population ages 15+),FX.OWN.TOTL.ZS,3.65995383262634,6.44848203659058,..
"Yemen, Rep.",YEM,Mobile cellular subscriptions,IT.CEL.SETS,11668000,17100000,15357900
Zambia,ZMB,Account ownership at a financial institution or with a mobile-money-service provider (% of population ages 15+),FX.OWN.TOTL.ZS,21.3649101257324,35.6448707580566,45.8632583618164
Zambia,ZMB,Mobile cellular subscriptions,IT.CEL.SETS,8164550,10114900,13438500
Zimbabwe,ZWE,Account ownership at a financial institution or with a mobile-money-service provider (% of population ages 15+),FX.OWN.TOTL.ZS,39.6512107849121,32.3892517089844,55.2851371765137
Zimbabwe,ZWE,Mobile cellular subscriptions,IT.CEL.SETS,9200000,11798700,14092100
Arab World,ARB,Account ownership at a financial institution or with a mobile-money-service provider (% of population ages 15+),FX.OWN.TOTL.ZS,22.2605381011963,30.2771301269531,37.165210723877
Arab World,ARB,Mobile cellular subscriptions,IT.CEL.SETS,351957917,415029269,416484296
Caribbean small states,CSS,Account ownership at a financial institution or with a mobile-money-service provider (% of population ages 15+),FX.OWN.TOTL.ZS,..,..,..
Caribbean small states,CSS,Mobile cellular subscriptions,IT.CEL.SETS,7534119,7952809,8225310
Central Europe and the Baltics,CEB,Account ownership at a financial institution or with a mobile-money-service provider (% of population ages 15+),FX.OWN.TOTL.ZS,..,..,..
Central Europe and the Baltics,CEB,Mobile cellular subscriptions,IT.CEL.SETS,131232730,136666810,126579630
Early-demographic dividend,EAR,Account ownership at a financial institution or with a mobile-money-service provider (% of population ages 15+),FX.OWN.TOTL.ZS,..,..,..
Early-demographic dividend,EAR,Mobile cellular subscriptions,IT.CEL.SETS,2287308466,2660507246,3130597206
East Asia & Pacific,EAS,Account ownership at a financial institution or with a mobile-money-service provider (% of population ages 15+),FX.OWN.TOTL.ZS,59.8521118164063,71.9971618652344,73.693977355957
East Asia & Pacific,EAS,Mobile cellular subscriptions,IT.CEL.SETS,1868540310,2371059261,2719377844
East Asia & Pacific (excluding high income),EAP,Account ownership at a financial institution or with a mobile-money-service provider (% of population ages 15+),FX.OWN.TOTL.ZS,55.0748710632324,69.1357727050781,70.6188125610352
East Asia & Pacific (excluding high income),EAP,Mobile cellular subscriptions,IT.CEL.SETS,1600442377,2067497520,2390338453
East Asia & Pacific (IDA & IBRD countries),TEA,Account ownership at a financial institution or with a mobile-money-service provider (% of population ages 15+),FX.OWN.TOTL.ZS,..,..,..
East Asia & Pacific (IDA & IBRD countries),TEA,Mobile cellular subscriptions,IT.CEL.SETS,1599464522,2064723434,2386562196
Euro area,EMU,Account ownership at a financial institution or with a mobile-money-service provider (% of population ages 15+),FX.OWN.TOTL.ZS,90.423942565918,94.6796646118164,95.3034896850586
Euro area,EMU,Mobile cellular subscriptions,IT.CEL.SETS,402586501,407193679,416260929
Europe & Central Asia,ECS,Account ownership at a financial institution or with a mobile-money-service provider (% of population ages 15+),FX.OWN.TOTL.ZS,69.2895202636719,77.7266845703125,81.4561996459961
Europe & Central Asia,ECS,Mobile cellular subscriptions,IT.CEL.SETS,1073649043,1123227357,1131687099
Europe & Central Asia (excluding high income),ECA,Account ownership at a financial institution or with a mobile-money-service provider (% of population ages 15+),FX.OWN.TOTL.ZS,44.8187484741211,57.7871551513672,65.2943344116211
Europe & Central Asia (excluding high income),ECA,Mobile cellular subscriptions,IT.CEL.SETS,455770440,491126970,499893770
Europe & Central Asia (IDA & IBRD countries),TEC,Account ownership at a financial institution or with a mobile-money-service provider (% of population ages 15+),FX.OWN.TOTL.ZS,..,..,..
Europe & Central Asia (IDA & IBRD countries),TEC,Mobile cellular subscriptions,IT.CEL.SETS,534465780,575413620,577068250
European Union,EUU,Account ownership at a financial institution or with a mobile-money-service provider (% of population ages 15+),FX.OWN.TOTL.ZS,..,..,..
European Union,EUU,Mobile cellular subscriptions,IT.CEL.SETS,535242031,546079589,544201989
Fragile and conflict affected situations,FCS,Account ownership at a financial institution or with a mobile-money-service provider (% of population ages 15+),FX.OWN.TOTL.ZS,..,..,..
Fragile and conflict affected situations,FCS,Mobile cellular subscriptions,IT.CEL.SETS,329172016,501068739,532147502
Heavily indebted poor countries (HIPC),HPC,Account ownership at a financial institution or with a mobile-money-service provider (% of population ages 15+),FX.OWN.TOTL.ZS,..,..,..
Heavily indebted poor countries (HIPC),HPC,Mobile cellular subscriptions,IT.CEL.SETS,289409980,436363235,501846257
High income,HIC,Account ownership at a financial institution or with a mobile-money-service provider (% of population ages 15+),FX.OWN.TOTL.ZS,88.2574462890625,92.8272476196289,93.7058715820313
High income,HIC,Mobile cellular subscriptions,IT.CEL.SETS,1341041681,1463468705,1526730297
IBRD only,IBD,Account ownership at a financial institution or with a mobile-money-service provider (% of population ages 15+),FX.OWN.TOTL.ZS,..,..,..
IBRD only,IBD,Mobile cellular subscriptions,IT.CEL.SETS,3947002436,4619266041,5143673848
IDA & IBRD total,IBT,Account ownership at a financial institution or with a mobile-money-service provider (% of population ages 15+),FX.OWN.TOTL.ZS,..,..,..
IDA & IBRD total,IBT,Mobile cellular subscriptions,IT.CEL.SETS,4660352907,5652321772,6326360347
IDA blend,IDB,Account ownership at a financial institution or with a mobile-money-service provider (% of population ages 15+),FX.OWN.TOTL.ZS,..,..,..
IDA blend,IDB,Mobile cellular subscriptions,IT.CEL.SETS,285871958,370480309,403511844
IDA only,IDX,Account ownership at a financial institution or with a mobile-money-service provider (% of population ages 15+),FX.OWN.TOTL.ZS,..,..,..
IDA only,IDX,Mobile cellular subscriptions,IT.CEL.SETS,427478513,662575422,779174655
IDA total,IDA,Account ownership at a financial institution or with a mobile-money-service provider (% of population ages 15+),FX.OWN.TOTL.ZS,..,..,..
IDA total,IDA,Mobile cellular subscriptions,IT.CEL.SETS,713350471,1033055731,1182686499
Late-demographic dividend,LTE,Account ownership at a financial institution or with a mobile-money-service provider (% of population ages 15+),FX.OWN.TOTL.ZS,..,..,..
Late-demographic dividend,LTE,Mobile cellular subscriptions,IT.CEL.SETS,2013049923,2467484561,2611983470
Latin America & Caribbean,LCN,Account ownership at a financial institution or with a mobile-money-service provider (% of population ages 15+),FX.OWN.TOTL.ZS,39.3828887939453,51.9022827148438,55.1437568664551
Latin America & Caribbean,LCN,Mobile cellular subscriptions,IT.CEL.SETS,631374837,712325321,673756856
Latin America & Caribbean (excluding high income),LAC,Account ownership at a financial institution or with a mobile-money-service provider (% of population ages 15+),FX.OWN.TOTL.ZS,39.2986183166504,51.4463424682617,54.4080963134766
Latin America & Caribbean (excluding high income),LAC,Mobile cellular subscriptions,IT.CEL.SETS,591251024,669699780,633447797
Latin America & the Caribbean (IDA & IBRD countries),TLA,Account ownership at a financial institution or with a mobile-money-service provider (% of population ages 15+),FX.OWN.TOTL.ZS,..,..,..
Latin America & the Caribbean (IDA & IBRD countries),TLA,Mobile cellular subscriptions,IT.CEL.SETS,625823152,705418521,664516405
Least developed countries: UN classification,LDC,Account ownership at a financial institution or with a mobile-money-service provider (% of population ages 15+),FX.OWN.TOTL.ZS,..,..,..
Least developed countries: UN classification,LDC,Mobile cellular subscriptions,IT.CEL.SETS,361458188,579127042,674668372
Low & middle income,LMY,Account ownership at a financial institution or with a mobile-money-service provider (% of population ages 15+),FX.OWN.TOTL.ZS,41.7560920715332,55.1994781494141,63.0111236572266
Low & middle income,LMY,Mobile cellular subscriptions,IT.CEL.SETS,4549527560,5536484681,6223882944
Low income,LIC,Account ownership at a financial institution or with a mobile-money-service provider (% of population ages 15+),FX.OWN.TOTL.ZS,13.3605985641479,22.8845558166504,34.8548431396484
Low income,LIC,Mobile cellular subscriptions,IT.CEL.SETS,193874457,311650820,344742020
Lower middle income,LMC,Account ownership at a financial institution or with a mobile-money-service provider (% of population ages 15+),FX.OWN.TOTL.ZS,28.8557415008545,41.8609085083008,57.8322486877441
Lower middle income,LMC,Mobile cellular subscriptions,IT.CEL.SETS,1913204550,2237210243,2580511425
Middle East & North Africa,MEA,Account ownership at a financial institution or with a mobile-money-service provider (% of population ages 15+),FX.OWN.TOTL.ZS,37.6304817199707,..,47.5306854248047
Middle East & North Africa,MEA,Mobile cellular subscriptions,IT.CEL.SETS,387335257,456533768,474369881
Middle East & North Africa (excluding high income),MNA,Account ownership at a financial institution or with a mobile-money-service provider (% of population ages 15+),FX.OWN.TOTL.ZS,32.9032554626465,..,43.4780883789063
Middle East & North Africa (excluding high income),MNA,Mobile cellular subscriptions,IT.CEL.SETS,298146819,357504559,382752142
Middle East & North Africa (IDA & IBRD countries),TMN,Account ownership at a financial institution or with a mobile-money-service provider (% of population ages 15+),FX.OWN.TOTL.ZS,..,..,..
Middle East & North Africa (IDA & IBRD countries),TMN,Mobile cellular subscriptions,IT.CEL.SETS,295261859,354307009,378755932
Middle income,MIC,Account ownership at a financial institution or with a mobile-money-service provider (% of population ages 15+),FX.OWN.TOTL.ZS,43.443603515625,57.5355987548828,65.3129196166992
Middle income,MIC,Mobile cellular subscriptions,IT.CEL.SETS,4355653103,5224833861,5879140924
North America,NAC,Account ownership at a financial institution or with a mobile-money-service provider (% of population ages 15+),FX.OWN.TOTL.ZS,88.7681503295898,94.1571502685547,93.8115386962891
North America,NAC,Mobile cellular subscriptions,IT.CEL.SETS,324332200,384348491,431963997
Not classified,INX,Account ownership at a financial institution or with a mobile-money-service provider (% of population ages 15+),FX.OWN.TOTL.ZS,..,..,..
Not classified,INX,Mobile cellular subscriptions,IT.CEL.SETS,..,..,..
OECD members,OED,Account ownership at a financial institution or with a mobile-money-service provider (% of population ages 15+),FX.OWN.TOTL.ZS,89.987060546875,94.0168304443359,94.6795196533203
OECD members,OED,Mobile cellular subscriptions,IT.CEL.SETS,1363674938,1498216787,1593656672
Other small states,OSS,Account ownership at a financial institution or with a mobile-money-service provider (% of population ages 15+),FX.OWN.TOTL.ZS,..,..,..
Other small states,OSS,Mobile cellular subscriptions,IT.CEL.SETS,25443440,32922097,35883189
Pacific island small states,PSS,Account ownership at a financial institution or with a mobile-money-service provider (% of population ages 15+),FX.OWN.TOTL.ZS,..,..,..
Pacific island small states,PSS,Mobile cellular subscriptions,IT.CEL.SETS,1349491,1690054,2086396
Post-demographic dividend,PST,Account ownership at a financial institution or with a mobile-money-service provider (% of population ages 15+),FX.OWN.TOTL.ZS,..,..,..
Post-demographic dividend,PST,Mobile cellular subscriptions,IT.CEL.SETS,1172379686,1280455566,1356473824
Pre-demographic dividend,PRE,Account ownership at a financial institution or with a mobile-money-service provider (% of population ages 15+),FX.OWN.TOTL.ZS,..,..,..
Pre-demographic dividend,PRE,Mobile cellular subscriptions,IT.CEL.SETS,387321776,559471040,621562087
Small states,SST,Account ownership at a financial institution or with a mobile-money-service provider (% of population ages 15+),FX.OWN.TOTL.ZS,..,..,..
Small states,SST,Mobile cellular subscriptions,IT.CEL.SETS,34327050,42564960,46194895
South Asia,SAS,Account ownership at a financial institution or with a mobile-money-service provider (% of population ages 15+),FX.OWN.TOTL.ZS,32.3819427490234,46.5409545898438,69.5591125488281
South Asia,SAS,Mobile cellular subscriptions,IT.CEL.SETS,1133612138,1271478854,1554226943
South Asia (IDA & IBRD),TSA,Account ownership at a financial institution or with a mobile-money-service provider (% of population ages 15+),FX.OWN.TOTL.ZS,..,..,..
South Asia (IDA & IBRD),TSA,Mobile cellular subscriptions,IT.CEL.SETS,1133612138,1271478854,1554226943
Sub-Saharan Africa,SSF,Account ownership at a financial institution or with a mobile-money-service provider (% of population ages 15+),FX.OWN.TOTL.ZS,23.245304107666,34.189380645752,42.6074295043945
Sub-Saharan Africa,SSF,Mobile cellular subscriptions,IT.CEL.SETS,471725456,680980334,765230621
Sub-Saharan Africa (excluding high income),SSA,Account ownership at a financial institution or with a mobile-money-service provider (% of population ages 15+),FX.OWN.TOTL.ZS,23.245304107666,34.189380645752,42.6074295043945
Sub-Saharan Africa (excluding high income),SSA,Mobile cellular subscriptions,IT.CEL.SETS,470304762,679176998,763223839
Sub-Saharan Africa (IDA & IBRD countries),TSS,Account ownership at a financial institution or with a mobile-money-service provider (% of population ages 15+),FX.OWN.TOTL.ZS,..,..,..
Sub-Saharan Africa (IDA & IBRD countries),TSS,Mobile cellular subscriptions,IT.CEL.SETS,471725456,680980334,765230621
Upper middle income,UMC,Account ownership at a financial institution or with a mobile-money-service provider (% of population ages 15+),FX.OWN.TOTL.ZS,57.0175285339355,71.5957641601563,73.0862808227539
Upper middle income,UMC,Mobile cellular subscriptions,IT.CEL.SETS,2442448553,2987623618,3298629499
World,WLD,Account ownership at a financial institution or with a mobile-money-service provider (% of population ages 15+),FX.OWN.TOTL.ZS,50.6282691955566,62.0025825500488,68.51611328125
World,WLD,Mobile cellular subscriptions,IT.CEL.SETS,5890569241,6999953386,7750613241
,,,,,,
,,,,,,
,,,,,,
Data from database: World Development Indicators,,,,,,
Last Updated: 12/16/2020,,,,,,
